Ticker;Preco;LPA;VPA;Div_Yield_%;ROE_%;ROIC_%;EV_EBIT;Crescimento_5a_%;Margem_Liquida_%;Liquidez_Corrente;Origem
AGRO3;19.82;-0.0154;20.2245;3.8;-0.08;0.67;141.93;-11.84;-0.15;1.61;BRAPI/Fundamentus
AMOB3;13.69;-7.522;52.6538;0.0;-14.14;4.39;11.67;124.76;-2.23;1.41;BRAPI/Fundamentus
B3SA3;19.25;0.9089;3.456;3.28;26.29;20.37;14.56;2.02;41.24;1.91;BRAPI/Fundamentus
BBAS3;24.28;3.1656;32.3733;3.43;9.83;0.0;0.0;-3.37;0.0;0.0;BRAPI/Fundamentus
BBDC3;18.06;2.3184;16.2703;7.58;14.25;0.0;0.0;0.34;0.0;0.0;BRAPI/Fundamentus
BBSE3;35.28;4.6421;5.3455;13.24;86.84;0.0;0.0;0.0;0.0;0.0;BRAPI/Fundamentus
BRSR6;16.1;3.9268;27.2881;9.96;14.36;0.0;0.0;8.09;0.0;0.0;BRAPI/Fundamentus
CMIG3;18.56;1.7106;9.9785;5.57;17.14;10.19;11.19;6.43;11.46;1.0;BRAPI/Fundamentus
CXSE3;19.03;1.4308;4.5202;6.84;31.67;-1.14;-370.79;0.0;0.0;1.7;BRAPI/Fundamentus
EGIE3;37.42;2.261;11.1701;3.59;20.25;10.76;12.4;-0.09;22.22;1.12;BRAPI/Fundamentus
EQTL3;45.06;1.3327;20.4818;5.05;6.52;10.5;10.19;22.67;4.81;1.49;BRAPI/Fundamentus
EZTC3;16.18;1.9035;17.9778;6.88;10.64;6.18;13.6;13.04;36.54;8.33;BRAPI/Fundamentus
FLRY3;16.68;1.1202;9.1648;6.47;12.25;12.15;9.82;22.95;7.2;1.97;BRAPI/Fundamentus
GMAT3;4.66;0.7952;4.5243;3.96;17.65;11.93;5.45;24.06;4.83;1.75;BRAPI/Fundamentus
ITSA4;14.74;1.4696;7.9247;8.32;18.58;0.25;642.1;-0.11;200.63;3.18;BRAPI/Fundamentus
KEPL3;8.16;0.8699;4.3175;5.3;20.18;14.29;9.32;2.72;10.49;1.96;BRAPI/Fundamentus
KLBN3;3.77;0.2689;1.2651;8.68;21.28;8.79;11.51;4.46;8.11;2.06;BRAPI/Fundamentus
LEVE3;37.01;4.4915;6.3591;7.35;70.65;35.92;6.57;9.21;11.26;1.27;BRAPI/Fundamentus
PETR3;51.74;8.538;32.3375;4.88;26.49;17.43;5.07;-0.78;22.23;0.71;BRAPI/Fundamentus
PRIO3;61.63;2.5808;29.488;0.0;8.73;3.94;34.25;39.72;14.45;1.82;BRAPI/Fundamentus
PSSA3;55.41;5.2274;24.3026;5.38;21.48;77.44;0.7;16.78;8.38;1.25;BRAPI/Fundamentus
RAIZ4;0.54;-2.16;-0.1543;0.0;1393.79;0.89;81.55;2.16;-9.61;1.69;BRAPI/Fundamentus
RANI3;8.94;1.0505;6.2958;6.73;16.67;15.38;6.88;0.62;14.35;2.77;BRAPI/Fundamentus
SAPR4;8.14;1.375;8.14;4.91;16.84;9.65;7.17;8.75;28.86;1.2;BRAPI/Fundamentus
SBFG3;13.17;1.3411;12.5429;4.15;10.72;7.68;9.6;10.1;4.24;1.36;BRAPI/Fundamentus
SMTO3;16.49;2.3128;21.9867;2.77;10.53;5.61;12.65;7.48;11.09;2.87;BRAPI/Fundamentus
SOJA3;7.06;0.1409;9.4133;4.01;1.5;4.55;11.84;20.68;3.86;6.77;BRAPI/Fundamentus
SUZB3;47.8;10.5987;34.6377;0.0;30.6;7.35;12.85;3.6;26.81;3.19;BRAPI/Fundamentus
TAEE11;45.86;4.586;22.0481;7.04;20.76;10.61;11.42;9.69;34.17;1.57;BRAPI/Fundamentus
TTEN3;16.02;1.6297;9.3684;1.13;17.37;7.46;17.67;33.23;4.92;1.36;BRAPI/Fundamentus
VAMO3;4.57;0.3084;2.4053;3.12;12.83;15.26;6.29;14.8;5.71;1.81;BRAPI/Fundamentus
VIVT3;41.01;1.9119;21.2487;2.5;8.98;8.6;15.24;7.85;10.37;1.0;BRAPI/Fundamentus
WEGE3;48.48;1.5193;4.1507;4.47;36.61;27.06;22.78;14.31;16.61;1.55;BRAPI/Fundamentus
GOOGL;359.91;13.1;39.514;24.0;38.885;35.11;26.84;29.82;37.92;1.9224;YF + Finnhub
AMZN;242.67;7.67;41.093;0.0;24.285;18.98;17.342;27.96;12.22;1.1772;YF + Finnhub
NVDA;194.83;6.53;8.07;51.0;114.288;105.41;28.242;95.27;62.97;3.4408;YF + Finnhub
TSM;434.16;11.51;4.4422;88.0;36.21;30.84;5.52;27.1;47.0;2.4883;YF + Finnhub
ASML;1769.32;29.37;1.1045;50.0;52.236;37.09;2981.442;24.38;31.26;1.2374;YF + Finnhub
AVGO;360.45;6.02;18.43;72.0;37.281;20.13;41.825;46.63;38.85;2.238;YF + Finnhub
IRS;15.81;3.17;17.515;1517.0;22.481;14.88;3.927;26.57;43.39;1.6058;YF + Finnhub
TSLA;393.45;1.1;21.897;0.0;4.901;4.34;130.658;38.32;3.95;2.0431;YF + Finnhub
MU;975.56;44.19;64.237;5.0;66.638;61.48;15.862;26.15;55.91;3.4245;YF + Finnhub
VZ;42.56;4.1;24.741;665.0;17.198;6.67;7.271;-1.14;12.46;0.64;YF + Finnhub
T;20.58;2.97;15.745;539.0;18.37;8.73;6.952;;16.94;0.9179;YF + Finnhub
HD;357.9;14.07;13.916;260.0;128.38;20.99;16.796;3.58;8.41;1.0447;YF + Finnhub
SHOP;119.46;1.02;9.61;0.0;11.311;10.16;69.578;29.52;10.77;6.1962;YF + Finnhub
DIS;99.5;6.25;62.297;151.0;11.01;7.31;11.21;;11.54;0.6791;YF + Finnhub
SPG;226.06;14.38;14.858;389.0;113.59;15.3;21.012;31.74;70.59;0.3367;YF + Finnhub
ANET;159.99;2.91;10.711;0.0;31.521;30.58;44.63;40.7;38.32;2.8287;YF + Finnhub
ICE;132.99;6.88;52.081;156.0;13.853;8.12;14.404;8.9;30.06;1.0109;YF + Finnhub
KO;84.14;3.18;7.816;252.0;43.372;17.57;23.628;11.14;27.8;1.358;YF + Finnhub
EQNR;32.04;2.21;8.728;474.0;12.361;7.49;4.778;;5.3;1.1953;YF + Finnhub
EPR;59.1;3.24;30.273;629.0;11.69;5.24;13.67;;37.5;0.642;YF + Finnhub
WFC;85.51;6.47;53.194;211.0;12.028;3.66;0.0;51.79;22.1903;0.0;YF + Finnhub
VICI;27.19;2.92;26.369;662.0;11.331;6.85;11.706;8.39;76.83;0.6309;YF + Finnhub
O;63.84;1.22;41.982;509.0;2.831;1.65;17.493;0.3;18.94;0.9022;YF + Finnhub
CPRT;30.01;1.61;9.477;0.0;17.607;16.63;12.081;16.72;33.48;7.6127;YF + Finnhub
ASX;41.87;0.64;4.9996;100.0;13.577;8.06;2.118;7.36;7.04;1.1467;YF + Finnhub
CEPU;14.66;2.03;11.938;0.0;19.266;14.4;1.153;0.0;36.58;1.0052;YF + Finnhub
NVO;50.43;4.17;6.983;357.0;71.402;40.22;2.006;20.66;37.2;0.7875;YF + Finnhub
PLTR;129.3;0.89;3.525;0.0;32.587;32.18;149.765;;43.67;6.9068;YF + Finnhub
JBL;341.3;7.99;12.564;9.0;65.876;18.59;16.0;76.36;2.57;0.9809;YF + Finnhub
QCOM;176.25;9.31;25.758;209.0;36.083;25.05;14.712;2.08;22.31;2.3663;YF + Finnhub
AAPL;308.63;8.27;7.26;35.0;141.471;69.07;28.437;17.91;27.15;1.0704;YF + Finnhub
MSFT;390.49;16.79;55.777;93.0;34.014;26.33;15.982;18.8;39.34;1.2829;YF + Finnhub
BAC;58.73;4.03;38.664;191.0;10.644;3.08;0.0;14.32;30.155;0.0;YF + Finnhub
ORCL;140.27;5.84;13.04;143.0;53.376;11.2;17.875;5.21;25.37;1.115;YF + Finnhub
EQT;52.61;5.27;40.159;125.0;13.402;10.61;5.51;;34.39;0.658;YF + Finnhub
MNST;97.6;2.07;8.924;0.0;26.654;25.46;32.797;-5.99;23.11;3.257;YF + Finnhub
CVS;104.72;2.28;60.845;254.0;3.752;2.08;12.999;-23.94;0.72;0.8659;YF + Finnhub
HUYA;2.38;-0.07;3.0044;0.0;-2.388;-2.39;46.654;;-2.17;2.4517;YF + Finnhub
GPC;132.57;0.44;32.519;321.0;1.342;0.64;12.03;;0.24;1.0932;YF + Finnhub
PFE;24.32;1.31;15.81;707.0;8.31;4.91;7.485;-3.51;11.83;1.2467;YF + Finnhub
ROKU;142.43;1.35;18.099;0.0;7.755;7.64;48.94;;4.06;2.9102;YF + Finnhub
DIBS;4.88;-0.3;2.369;0.0;-12.247;-12.05;-7.245;;-12.33;3.7498;YF + Finnhub
LEG;11.94;1.61;7.617;168.0;25.155;8.84;7.983;-1.97;5.69;2.3334;YF + Finnhub
MBUU;25.07;-0.05;26.364;0.0;-0.167;-0.16;11.024;-23.83;-0.11;1.314;YF + Finnhub
FVRR;10.81;0.77;11.695;0.0;7.194;4.5;2.855;;6.7;1.8451;YF + Finnhub
SPCX;162.0;-0.68;5.956;0.0;0.0;-7.69;241.32;0.0;-26.44;1.2167;YF + Finnhub
